{
  "A": 1.528e5,
  "dE": 6.650e4,
  "MM": 0.8129,
  "NN": 2.7360,
  "CC": 43.09,
  "ALCT": 5.475e-3,
  "ALC": -1.6840,
  "RR": 8.314,
  "a_c": 3.7388048e-07,
  "a_c_t": 3.1276314e-06,
  "k_bot": 13,
  "k_top": 0.6386316,
  "part_len" : 0.03 
}
